<PAMDataset>
  <Metadata>
    <MDI key="DataType">Generic</MDI>
  </Metadata>
  <Metadata domain="Esri">
    <MDI key="PyramidResamplingType">NEAREST</MDI>
  </Metadata>
  <PAMRasterBand band="1">
    <Histograms>
      <HistItem>
        <HistMin>6</HistMin>
        <HistMax>90</HistMax>
        <BucketCount>256</BucketCount>
        <IncludeOutOfRange>1</IncludeOutOfRange>
        <Approximate>0</Approximate>
        <HistCounts>1|0|0|0|0|0|4|0|0|5|0|0|11|0|0|15|0|0|15|0|0|21|0|0|23|0|0|25|0|0|42|0|0|43|0|0|56|0|0|70|0|0|136|0|0|163|0|0|227|0|0|332|0|0|472|0|0|524|0|0|694|0|0|881|0|0|1189|0|0|1519|0|0|1712|0|0|2171|0|0|2631|0|0|2526|0|0|0|2940|0|0|3701|0|0|4397|0|0|4748|0|0|4953|0|0|5220|0|0|5641|0|0|5362|0|0|5162|0|0|5445|0|0|5811|0|0|5899|0|0|5380|0|0|5240|0|0|5304|0|0|4704|0|0|4210|0|0|3896|0|0|3929|0|0|3665|0|0|3140|0|0|2671|0|0|2263|0|0|1835|0|0|1410|0|0|1167|0|0|954|0|0|821|0|0|0|631|0|0|508|0|0|427|0|0|315|0|0|272|0|0|186|0|0|172|0|0|146|0|0|123|0|0|110|0|0|72|0|0|51|0|0|42|0|0|34|0|0|19|0|0|13|0|0|7|0|0|3|0|0|6|0|0|1|0|0|1|0|0|0|0|0|3|0|0|0|0|0|1|0|0|0|0|0|0|0|0|0|0|0|0|1</HistCounts>
      </HistItem>
    </Histograms>
    <Metadata>
      <MDI key="STATISTICS_MINIMUM">6</MDI>
      <MDI key="STATISTICS_MAXIMUM">90</MDI>
      <MDI key="STATISTICS_MEAN">43.770525988173</MDI>
      <MDI key="STATISTICS_STDDEV">8.8772340541219</MDI>
      <MDI key="STATISTICS_SKIPFACTORX">1</MDI>
      <MDI key="STATISTICS_SKIPFACTORY">1</MDI>
      <MDI key="STATISTICS_EXCLUDEDVALUES"></MDI>
      <MDI key="STATISTICS_COVARIANCES">78.8052844516623</MDI>
    </Metadata>
  </PAMRasterBand>
</PAMDataset>
