<PAMDataset>
  <Metadata>
    <MDI key="DataType">Generic</MDI>
  </Metadata>
  <Metadata domain="Esri">
    <MDI key="PyramidResamplingType">NEAREST</MDI>
  </Metadata>
  <PAMRasterBand band="1">
    <Histograms>
      <HistItem>
        <HistMin>9</HistMin>
        <HistMax>116</HistMax>
        <BucketCount>256</BucketCount>
        <IncludeOutOfRange>1</IncludeOutOfRange>
        <Approximate>0</Approximate>
        <HistCounts>2|0|2|0|5|0|0|4|0|4|0|3|0|0|1|0|3|0|0|4|0|7|0|6|0|0|8|0|9|0|10|0|0|4|0|11|0|0|15|0|13|0|14|0|0|29|0|35|0|0|72|0|122|0|187|0|0|223|0|301|0|481|0|0|656|0|967|0|0|1209|0|1713|0|2403|0|0|2677|0|2582|0|0|3362|0|4250|0|5133|0|0|5474|0|5526|0|6186|0|0|5943|0|5280|0|0|4981|0|5466|0|5582|0|0|5355|0|5176|0|0|4874|0|4803|0|4156|0|0|3724|0|3550|0|3377|0|0|3134|0|2565|0|0|2268|0|1962|0|1707|0|0|1446|0|1315|0|1114|0|0|957|0|848|0|0|679|0|662|0|556|0|0|440|0|384|0|0|310|0|295|0|272|0|0|199|0|166|0|143|0|0|118|0|114|0|0|106|0|97|0|95|0|0|65|0|80|0|0|69|0|56|0|40|0|0|47|0|31|0|23|0|0|23|0|19|0|0|25|0|21|0|17|0|0|8|0|9|0|0|14|0|8|0|6|0|0|12|0|3|0|2|0|0|3|0|3|0|0|1|0|1|0|0|0|0|1|0|0|0|0|1</HistCounts>
      </HistItem>
    </Histograms>
    <Metadata>
      <MDI key="STATISTICS_MINIMUM">9</MDI>
      <MDI key="STATISTICS_MAXIMUM">116</MDI>
      <MDI key="STATISTICS_MEAN">53.218502956738</MDI>
      <MDI key="STATISTICS_STDDEV">9.5973488261157</MDI>
      <MDI key="STATISTICS_SKIPFACTORX">1</MDI>
      <MDI key="STATISTICS_SKIPFACTORY">1</MDI>
      <MDI key="STATISTICS_EXCLUDEDVALUES"></MDI>
      <MDI key="STATISTICS_COVARIANCES">92.1091044901445</MDI>
    </Metadata>
  </PAMRasterBand>
</PAMDataset>
