<PAMDataset>
  <Metadata>
    <MDI key="DataType">Generic</MDI>
  </Metadata>
  <Metadata domain="Esri">
    <MDI key="PyramidResamplingType">NEAREST</MDI>
  </Metadata>
  <PAMRasterBand band="1">
    <Histograms>
      <HistItem>
        <HistMin>6</HistMin>
        <HistMax>117</HistMax>
        <BucketCount>256</BucketCount>
        <IncludeOutOfRange>1</IncludeOutOfRange>
        <Approximate>0</Approximate>
        <HistCounts>1|0|1|0|4|0|3|0|0|11|0|14|0|23|0|0|23|0|30|0|37|0|53|0|0|50|0|69|0|94|0|0|180|0|242|0|294|0|0|460|0|578|0|627|0|776|0|0|1061|0|1432|0|1937|0|0|2048|0|2513|0|3026|0|0|2933|0|3352|0|4092|0|4894|0|0|5289|0|5311|0|5668|0|0|6272|0|5887|0|5360|0|0|5905|0|6074|0|6015|0|5398|0|0|5349|0|5063|0|4456|0|0|3737|0|3376|0|3082|0|2830|0|0|2302|0|1886|0|1642|0|0|1250|0|1009|0|800|0|0|695|0|611|0|508|0|406|0|0|293|0|256|0|193|0|0|148|0|135|0|122|0|0|95|0|62|0|51|0|36|0|0|24|0|17|0|17|0|0|9|0|6|0|4|0|0|2|0|2|0|2|0|1|0|0|0|0|0|0|0|0|0|0|0|0|0|1|0|1|0|0|1|0|0|0|0|0|0|0|0|0|0|0|0|0|0|0|0|0|0|0|0|0|0|0|0|0|0|0|0|0|0|0|0|0|0|0|0|0|0|1|0|0|0|0|0|0|0|0|0|0|1|0|0|0|0|0|0|0|0|0|1</HistCounts>
      </HistItem>
    </Histograms>
    <Metadata>
      <MDI key="STATISTICS_MINIMUM">6</MDI>
      <MDI key="STATISTICS_MAXIMUM">117</MDI>
      <MDI key="STATISTICS_MEAN">42.518300653595</MDI>
      <MDI key="STATISTICS_STDDEV">8.6408244417545</MDI>
      <MDI key="STATISTICS_SKIPFACTORX">1</MDI>
      <MDI key="STATISTICS_SKIPFACTORY">1</MDI>
      <MDI key="STATISTICS_EXCLUDEDVALUES"></MDI>
      <MDI key="STATISTICS_COVARIANCES">74.6638470332227</MDI>
    </Metadata>
  </PAMRasterBand>
</PAMDataset>
